{
  "Alameda County": [
    "Alameda",
    "Albany",
    "Berkeley",
    "Dublin",
    "Emeryville",
    "Fremont",
    "Hayward",
    "Livermore",
    "Newark",
    "Oakland",
    "Piedmont",
    "Pleasanton",
    "San Leandro",
    "Union City"
  ],
  "Alpine County": [],
  "Amador County": [
    "Amador",
    "Ione",
    "Jackson",
    "Plymouth",
    "Sutter Creek"
  ],
  "Butte County": [
    "Biggs",
    "Chico",
    "Gridley",
    "Oroville",
    "Paradise"
  ],
  "Calaveras County": [
    "Angels Camp"
  ],
  "Colusa County": [
    "Colusa",
    "Williams"
  ],
  "Contra Costa County": [
    "Antioch",
    "Brentwood",
    "Clayton",
    "Concord",
    "Danville",
    "El Cerrito",
    "Hercules",
    "Lafayette",
    "Martinez",
    "Moraga",
    "Oakley",
    "Orinda",
    "Pinole",
    "Pittsburg",
    "Pleasant Hill",
    "Richmond",
    "San Pablo",
    "San Ramon",
    "Walnut Creek"
  ],
  "Del Norte County": [
    "Crescent City"
  ],
  "El Dorado County": [
    "Placerville",
    "South Lake Tahoe"
  ],
  "Fresno County": [
    "Clovis",
    "Coalinga",
    "Firebaugh",
    "Fowler",
    "Fresno",
    "Huron",
    "Kerman",
    "Kingsburg",
    "Mendota",
    "Orange Cove",
    "Parlier",
    "Reedley",
    "Sanger",
    "San Joaquin",
    "Selma"
  ],
  "Glenn County": [
    "Orland",
    "Willows"
  ],
  "Humboldt County": [
    "Arcata",
    "Blue Lake",
    "Eureka",
    "Ferndale",
    "Fortuna",
    "Rio Dell",
    "Trinidad"
  ],
  "Imperial County": [
    "Brawley",
    "Calexico",
    "Calipatria",
    "El Centro",
    "Holtville",
    "Imperial",
    "Westmorland"
  ],
  "Inyo County": [
    "Bishop"
  ],
  "Kern County": [
    "Arvin",
    "Bakersfield",
    "California City",
    "Delano",
    "Maricopa",
    "Mcfarland",
    "Ridgecrest",
    "Shafter",
    "Taft",
    "Tehachapi",
    "Wasco"
  ],
  "Kings County": [
    "Avenal",
    "Corcoran",
    "Hanford",
    "Lemoore"
  ],
  "Lake County": [
    "Clearlake",
    "Lakeport"
  ],
  "Lassen County": [
    "Susanville"
  ],
  "Los Angeles County": [
    "Agoura Hills",
    "Alhambra",
    "Arcadia",
    "Artesia",
    "Avalon",
    "Azusa",
    "Baldwin Park",
    "Bell",
    "Bellflower",
    "Bell Gardens",
    "Beverly Hills",
    "Bradbury",
    "Burbank",
    "Calabasas",
    "Carson",
    "Cerritos",
    "Claremont",
    "Commerce",
    "Compton",
    "Covina",
    "Cudahy",
    "Culver City",
    "Diamond Bar",
    "Downey",
    "Duarte",
    "El Monte",
    "El Segundo",
    "Gardena",
    "Glendale",
    "Glendora",
    "Hawaiian Gardens",
    "Hawthorne",
    "Hermosa Beach",
    "Hidden Hills",
    "Huntington Park",
    "Industry",
    "Inglewood",
    "Irwindale",
    "La Canada Flintridge",
    "La Habra Heights",
    "Lakewood",
    "La Mirada",
    "Lancaster",
    "La Puente",
    "La Verne",
    "Lawndale",
    "Lomita",
    "Long Beach",
    "Los Angeles",
    "Lynwood",
    "Malibu",
    "Manhattan Beach",
    "Maywood",
    "Monrovia",
    "Montebello",
    "Monterey Park",
    "Norwalk",
    "Palmdale",
    "Palos Verdes Estates",
    "Paramount",
    "Pasadena",
    "Pico Rivera",
    "Pomona",
    "Rancho Palos Verdes",
    "Redondo Beach",
    "Rolling Hills",
    "Rolling Hills Estates",
    "Rosemead",
    "San Dimas",
    "San Fernando",
    "San Gabriel",
    "San Marino",
    "Santa Clarita",
    "Santa Fe Springs",
    "Santa Monica",
    "Sierra Madre",
    "Signal Hill",
    "South El Monte",
    "South Gate",
    "South Pasadena",
    "Temple City",
    "Torrance",
    "Vernon",
    "Walnut",
    "West Covina",
    "West Hollywood",
    "Westlake Village",
    "Whittier"
  ],
  "Madera County": [
    "Chowchilla",
    "Madera"
  ],
  "Marin County": [
    "Belvedere",
    "Corte Madera",
    "Fairfax",
    "Larkspur",
    "Mill Valley",
    "Novato",
    "Ross",
    "San Anselmo",
    "San Rafael",
    "Sausalito",
    "Tiburon"
  ],
  "Mariposa County": [],
  "Mendocino County": [
    "Fort Bragg",
    "Point Arena",
    "Ukiah",
    "Willits"
  ],
  "Merced County": [
    "Atwater",
    "Dos Palos",
    "Gustine",
    "Livingston",
    "Los Banos",
    "Merced"
  ],
  "Modoc County": [
    "Alturas"
  ],
  "Mono County": [
    "Mammoth Lakes"
  ],
  "Monterey County": [
    "Carmel-By-The-Sea",
    "Del Rey Oaks",
    "Gonzales",
    "Greenfield",
    "King City",
    "Marina",
    "Monterey",
    "Pacific Grove",
    "Salinas",
    "Sand City",
    "Seaside",
    "Soledad"
  ],
  "Napa County": [
    "American Canyon",
    "Calistoga",
    "Napa",
    "St Helena",
    "Yountville"
  ],
  "Nevada County": [
    "Grass Valley",
    "Nevada City",
    "Truckee"
  ],
  "Orange County": [
    "Aliso Viejo",
    "Anaheim",
    "Brea",
    "Buena Park",
    "Costa Mesa",
    "Cypress",
    "Dana Point",
    "Fountain Valley",
    "Fullerton",
    "Garden Grove",
    "Huntington Beach",
    "Irvine",
    "Laguna Beach",
    "Laguna Hills",
    "Laguna Niguel",
    "Laguna Woods",
    "La Habra",
    "Lake Forest",
    "La Palma",
    "Los Alamitos",
    "Mission Viejo",
    "Newport Beach",
    "Orange",
    "Placentia",
    "Rancho Santa Margarita",
    "San Clemente",
    "San Juan Capistrano",
    "Santa Ana",
    "Seal Beach",
    "Stanton",
    "Tustin",
    "Villa Park",
    "Westminster",
    "Yorba Linda"
  ],
  "Placer County": [
    "Auburn",
    "Colfax",
    "Lincoln",
    "Loomis",
    "Rocklin",
    "Roseville"
  ],
  "Plumas County": [
    "Portola"
  ],
  "Riverside County": [
    "Banning",
    "Beaumont",
    "Blythe",
    "Calimesa",
    "Canyon Lake",
    "Cathedral City",
    "Coachella",
    "Corona",
    "Desert Hot Springs",
    "Eastvale",
    "Hemet",
    "Indian Wells",
    "Indio",
    "Jurupa Valley",
    "Lake Elsinore",
    "La Quinta",
    "Menifee",
    "Moreno Valley",
    "Murrieta",
    "Norco",
    "Palm Desert",
    "Palm Springs",
    "Perris",
    "Rancho Mirage",
    "Riverside",
    "San Jacinto",
    "Temecula",
    "Wildomar"
  ],
  "Sacramento County": [
    "Citrus Heights",
    "Elk Grove",
    "Folsom",
    "Galt",
    "Isleton",
    "Rancho Cordova",
    "Sacramento"
  ],
  "San Benito County": [
    "Hollister",
    "San Juan Bautista"
  ],
  "San Bernardino County": [
    "Adelanto",
    "Apple Valley",
    "Barstow",
    "Big Bear Lake",
    "Chino",
    "Chino Hills",
    "Colton",
    "Fontana",
    "Grand Terrace",
    "Hesperia",
    "Highland",
    "Loma Linda",
    "Montclair",
    "Needles",
    "Ontario",
    "Rancho Cucamonga",
    "Redlands",
    "Rialto",
    "San Bernardino",
    "Twentynine Palms",
    "Upland",
    "Victorville",
    "Yucaipa",
    "Yucca Valley"
  ],
  "San Diego County": [
    "Carlsbad",
    "Chula Vista",
    "Coronado",
    "Del Mar",
    "El Cajon",
    "Encinitas",
    "Escondido",
    "Imperial Beach",
    "La Mesa",
    "Lemon Grove",
    "National City",
    "Oceanside",
    "Poway",
    "San Diego",
    "San Marcos",
    "Santee",
    "Solana Beach",
    "Vista"
  ],
  "San Francisco City & County": [
    "San Francisco"
  ],
  "San Joaquin County": [
    "Escalon",
    "Lathrop",
    "Lodi",
    "Manteca",
    "Ripon",
    "Stockton",
    "Tracy"
  ],
  "San Luis Obispo County": [
    "Arroyo Grande",
    "Atascadero",
    "El Paso De Robles",
    "Grover Beach",
    "Morro Bay",
    "Pismo Beach",
    "San Luis Obispo"
  ],
  "San Mateo County": [
    "Atherton",
    "Belmont",
    "Brisbane",
    "Burlingame",
    "Colma",
    "Daly City",
    "East Palo Alto",
    "Foster City",
    "Half Moon Bay",
    "Hillsborough",
    "Menlo Park",
    "Millbrae",
    "Pacifica",
    "Portola Valley",
    "Redwood City",
    "San Bruno",
    "San Carlos",
    "San Mateo",
    "South San Francisco",
    "Woodside"
  ],
  "Santa Barbara County": [
    "Buellton",
    "Carpinteria",
    "Goleta",
    "Guadalupe",
    "Lompoc",
    "Santa Barbara",
    "Santa Maria",
    "Solvang"
  ],
  "Santa Clara County": [
    "Campbell",
    "Cupertino",
    "Gilroy",
    "Los Altos",
    "Los Altos Hills",
    "Los Gatos",
    "Milpitas",
    "Monte Sereno",
    "Morgan Hill",
    "Mountain View",
    "Palo Alto",
    "San Jose",
    "Santa Clara",
    "Saratoga",
    "Sunnyvale"
  ],
  "Santa Cruz County": [
    "Capitola",
    "Santa Cruz",
    "Scotts Valley",
    "Watsonville"
  ],
  "Shasta County": [
    "Anderson",
    "Redding",
    "Shasta Lake"
  ],
  "Sierra County": [
    "Loyalton"
  ],
  "Siskiyou County": [
    "Dorris",
    "Dunsmuir",
    "Etna",
    "Fort Jones",
    "Montague",
    "Mount Shasta",
    "Tulelake",
    "Weed",
    "Yreka"
  ],
  "Solano County": [
    "Benicia",
    "Dixon",
    "Fairfield",
    "Rio Vista",
    "Suisun City",
    "Vacaville",
    "Vallejo"
  ],
  "Sonoma County": [
    "Cloverdale",
    "Cotati",
    "Healdsburg",
    "Petaluma",
    "Rohnert Park",
    "Santa Rosa",
    "Sebastopol",
    "Sonoma",
    "Windsor"
  ],
  "Stanislaus County": [
    "Ceres",
    "Hughson",
    "Modesto",
    "Newman",
    "Oakdale",
    "Patterson",
    "Riverbank",
    "Turlock",
    "Waterford"
  ],
  "Sutter County": [
    "Live Oak",
    "Yuba City"
  ],
  "Tehama County": [
    "Corning",
    "Red Bluff",
    "Tehama"
  ],
  "Trinity County": [],
  "Tulare County": [
    "Dinuba",
    "Exeter",
    "Farmersville",
    "Lindsay",
    "Porterville",
    "Tulare",
    "Visalia",
    "Woodlake"
  ],
  "Tuolumne County": [
    "Sonora"
  ],
  "Ventura County": [
    "Camarillo",
    "Fillmore",
    "Moorpark",
    "Ojai",
    "Oxnard",
    "Port Hueneme",
    "Santa Paula",
    "Simi Valley",
    "Thousand Oaks",
    "Ventura"
  ],
  "Yolo County": [
    "Davis",
    "West Sacramento",
    "Winters",
    "Woodland"
  ],
  "Yuba County": [
    "Marysville",
    "Wheatland"
  ]
}